pocket,n_atoms,n_residues,mean_APBS_0p15M,median_APBS_0p15M,min_APBS_0p15M,max_APBS_0p15M,fraction_positive,fraction_gt_25,fraction_gt_50,fraction_gt_100,residue_list
2,25,5,1146.491464,985.4726,467.6141,2138.262,1.0,1.0,1.0,1.0,ARG230A; ARG231A; ASN227A; HIS234A; LYS235A
11,23,6,1080.786595652174,922.4421,480.9663,1955.401,1.0,1.0,1.0,1.0,ALA223A; ARG220A; ARG224A; ARG231A; ASN227A; SER228A
5,18,5,872.1278333333335,782.9791,442.2457,1806.905,1.0,1.0,1.0,1.0,ARG220A; ARG221A; ARG224A; GLN225A; GLY217A
3,21,5,162.67613714285713,122.6978,60.07325,360.7421,1.0,1.0,1.0,0.7142857142857143,ALA244A; GLN241A; GLY248A; LEU245A; LYS249A
4,22,6,149.55825818181822,158.3977,46.89256,228.7671,1.0,1.0,0.9545454545454546,0.8181818181818182,ALA244A; GLN239A; LEU243A; LYS240A; LYS247A; VAL236A
14,16,4,200.739658125,210.64775,-230.1846,558.0755,0.8125,0.8125,0.8125,0.8125,ARG203A; GLU200A; ILE199A; LYS196A
20,13,5,12.527051538461532,52.50237,-385.594,334.7957,0.6153846153846154,0.6153846153846154,0.5384615384615384,0.38461538461538464,ARG140A; ARG181A; ASN142A; LYS143A; LYS146A
19,18,7,-57.11027944444444,42.058925,-389.4031,419.2234,0.5555555555555556,0.5555555555555556,0.3888888888888889,0.16666666666666666,ARG181A; ARG190A; ARG191A; ASN142A; ILE183A; LEU182A; VAL187A
10,27,6,-55.892549629629634,22.83015,-443.9187,386.133,0.5555555555555556,0.4444444444444444,0.3333333333333333,0.25925925925925924,ARG145A; ARG152A; ASN142A; ASN149A; LEU150A; LYS146A
15,15,5,-56.991820000000004,30.28638,-366.671,396.0783,0.5333333333333333,0.5333333333333333,0.26666666666666666,0.13333333333333333,ARG80A; ARG95A; GLU94A; GLY93A; LYS79A
9,15,6,-26.408074666666668,18.56324,-427.5047,304.7668,0.6666666666666666,0.4666666666666667,0.26666666666666666,0.2,ARG173A; LYS167A; LYS170A; LYS171A; LYS175A; VAL165A
8,22,7,-35.77251736363636,24.948145,-377.8305,381.6989,0.6363636363636364,0.5,0.22727272727272727,0.18181818181818182,ARG134A; GLY137A; LEU136A; LEU147A; LYS143A; LYS146A; PRO138A
13,16,6,-39.081243125,25.29915,-384.8881,292.8327,0.625,0.5,0.1875,0.0625,ARG157A; ILE179A; LEU182A; LYS178A; THR184A; VAL187A
6,16,8,-151.673256875,-180.74215,-542.4581,349.1049,0.375,0.25,0.1875,0.1875,ARG32A; ASN35A; CYS103A; GLN66A; GLY34A; GLY67A; LEU33A; MET69A
7,24,9,-72.93565991666667,10.911555,-464.6481,354.562,0.5833333333333334,0.375,0.16666666666666666,0.125,ALA176A; ARG135A; ARG163A; GLY137A; ILE161A; LEU136A; LYS139A; LYS175A; PRO177A
16,12,4,-78.23202666666667,-82.85243,-354.6111,383.1746,0.3333333333333333,0.16666666666666666,0.16666666666666666,0.16666666666666666,ARG89A; GLY90A; PHE88A; TYR91A
18,20,9,-37.15673735000001,14.871905,-372.4134,311.8881,0.75,0.3,0.1,0.05,ALA82A; GLY81A; LEU100A; LEU76A; LEU77A; LYS79A; VAL65A; VAL78A; VAL83A
17,12,6,-128.40914583333333,-80.62141,-443.9187,214.86,0.5,0.5,0.08333333333333333,0.08333333333333333,ALA141A; ARG145A; ARG181A; ASN142A; ILE183A; LEU182A
1,37,11,-102.51138940540541,-13.20546,-397.1977,394.9775,0.40540540540540543,0.16216216216216217,0.08108108108108109,0.05405405405405406,ALA106A; ARG24A; GLU20A; ILE109A; LEU23A; LEU28A; LYS59A; MET1A; SER107A; THR29A; VAL26A
12,17,5,-49.163345588235295,9.431814,-410.3481,362.0266,0.7058823529411765,0.058823529411764705,0.058823529411764705,0.058823529411764705,ALA45A; ARG47A; ASP44A; GLN122A; GLU121A
