species,pocket,fpocket_score,druggability_score,n_alpha_spheres,total_SASA,polar_SASA,apolar_SASA,volume,mean_local_hydrophobic_density,mean_alpha_sphere_radius,mean_alpha_sphere_solvent_access,apolar_alpha_sphere_proportion,hydrophobicity_score,volume_score,polarity_score,charge_score,proportion_polar_atoms,alpha_sphere_density,flexibility,n_atoms,n_residues,mean_APBS_0p15M,median_APBS_0p15M,min_APBS_0p15M,max_APBS_0p15M,fraction_positive,fraction_gt_25,fraction_gt_50,fraction_gt_100,residue_list,n_basic_residues,n_acidic_residues,n_polar_residues,n_aromatic_residues,n_hydrophobic_residues,frac_basic_residues,frac_acidic_residues,frac_polar_residues,frac_aromatic_residues,frac_hydrophobic_residues,electropositive_patch_overlap_score,geometry_exposure_score,overall_candidate_score
TcS6_Q4DSU0,1,0.328,0.156,57.0,148.433,61.405,87.028,601.269,28.133,4.04,0.54,0.526,38.545,4.364,5.0,1.0,45.946,4.762,0.861,37,11,-102.5113894054054,-13.20546,-397.1977,394.9775,0.4054054054054054,0.1621621621621621,0.081081081081081,0.054054054054054,ALA106A; ARG24A; GLU20A; ILE109A; LEU23A; LEU28A; LYS59A; MET1A; SER107A; THR29A; VAL26A,2.0,1.0,2.0,0.0,6.0,0.18181818181818182,0.09090909090909091,0.18181818181818182,0.0,0.5454545454545454,0.1378378378378378,0.5462312098017722,0.28957158682128364
TcS6_Q4DSU0,2,0.171,0.001,31.0,104.906,56.601,48.305,427.324,7.0,4.025,0.619,0.258,-14.2,5.4,5.0,4.0,52.0,3.935,0.838,25,5,1146.491464,985.4726,467.6141,2138.262,1.0,1.0,1.0,1.0,ARG230A; ARG231A; ASN227A; HIS234A; LYS235A,4.0,0.0,2.0,1.0,0.0,0.8,0.0,0.4,0.2,0.0,1.0,0.40811379354013444,0.7528398277390471
TcS6_Q4DSU0,3,0.156,0.052,23.0,101.384,30.134,71.25,354.557,17.158,3.961,0.675,0.826,21.0,3.6,2.0,1.0,33.333,4.419,0.673,21,5,162.67613714285713,122.6978,60.07325,360.7421,1.0,1.0,1.0,0.7142857142857143,ALA244A; GLN241A; GLY248A; LEU245A; LYS249A,1.0,0.0,1.0,0.0,2.0,0.2,0.0,0.2,0.0,0.4,0.9142857142857144,0.40777949837251193,0.5941513958589507
TcS6_Q4DSU0,4,0.15,0.066,22.0,83.604,18.392,65.212,323.96,15.529,3.845,0.669,0.773,26.333,4.5,3.0,2.0,31.818,3.741,0.785,22,6,149.55825818181822,158.3977,46.89256,228.7671,1.0,1.0,0.9545454545454546,0.8181818181818182,ALA244A; GLN239A; LEU243A; LYS240A; LYS247A; VAL236A,2.0,0.0,1.0,0.0,3.0,0.3333333333333333,0.0,0.16666666666666666,0.0,0.5,0.9227272727272728,0.38525897779231355,0.6167345816212492
TcS6_Q4DSU0,5,0.112,0.002,19.0,80.888,33.791,47.098,395.673,7.0,4.008,0.575,0.421,-10.4,5.2,4.0,3.0,44.444,3.496,0.959,18,5,872.1278333333335,782.9791,442.2457,1806.905,1.0,1.0,1.0,1.0,ARG220A; ARG221A; ARG224A; GLN225A; GLY217A,3.0,0.0,1.0,0.0,0.0,0.6,0.0,0.2,0.0,0.0,1.0,0.3663748349165847,0.6982311922208047
TcS6_Q4DSU0,6,0.097,0.0,25.0,74.613,48.857,25.756,232.582,2.0,4.152,0.555,0.12,21.0,3.625,3.0,1.0,50.0,2.485,0.955,16,8,-151.673256875,-180.74215,-542.4581,349.1049,0.375,0.25,0.1875,0.1875,ARG32A; ASN35A; CYS103A; GLN66A; GLY34A; GLY67A; LEU33A; MET69A,1.0,0.0,3.0,0.0,2.0,0.125,0.0,0.375,0.0,0.25,0.225,0.2897712267963858,0.227669929378735
TcS6_Q4DSU0,7,0.089,0.008,30.0,112.907,15.089,97.818,340.07,9.0,3.877,0.492,0.333,13.0,4.667,4.0,4.0,41.667,3.54,0.905,24,9,-72.93565991666667,10.911555,-464.6481,354.562,0.5833333333333334,0.375,0.1666666666666666,0.125,ALA176A; ARG135A; ARG163A; GLY137A; ILE161A; LEU136A; LYS139A; LYS175A; PRO177A,4.0,0.0,0.0,0.0,4.0,0.4444444444444444,0.0,0.0,0.0,0.4444444444444444,0.2375,0.3495126913038587,0.31809333084523944
TcS6_Q4DSU0,8,0.082,0.0,19.0,91.967,41.247,50.72,340.817,9.0,4.126,0.731,0.526,12.571,4.714,3.0,3.0,36.364,3.618,0.961,22,7,-35.77251736363636,24.948145,-377.8305,381.6989,0.6363636363636364,0.5,0.2272727272727272,0.1818181818181818,ARG134A; GLY137A; LEU136A; LEU147A; LYS143A; LYS146A; PRO138A,3.0,0.0,0.0,0.0,3.0,0.42857142857142855,0.0,0.0,0.0,0.42857142857142855,0.2954545454545454,0.39085068685909663,0.355466571569515
TcS6_Q4DSU0,9,0.071,0.002,19.0,53.181,10.914,42.267,181.913,11.0,3.987,0.508,0.632,-5.0,5.833,5.0,5.0,33.333,1.839,0.904,15,6,-26.408074666666668,18.56324,-427.5047,304.7668,0.6666666666666666,0.4666666666666667,0.2666666666666666,0.2,ARG173A; LYS167A; LYS170A; LYS171A; LYS175A; VAL165A,5.0,0.0,0.0,0.0,1.0,0.8333333333333334,0.0,0.0,0.0,0.16666666666666666,0.32666666666666666,0.24188577038710585,0.39832668630215373
TcS6_Q4DSU0,10,0.067,0.001,33.0,146.861,68.365,78.496,537.942,10.0,4.149,0.668,0.333,-1.667,5.167,5.0,3.0,44.444,4.456,0.955,27,6,-55.892549629629634,22.83015,-443.9187,386.133,0.5555555555555556,0.4444444444444444,0.3333333333333333,0.2592592592592592,ARG145A; ARG152A; ASN142A; ASN149A; LEU150A; LYS146A,3.0,0.0,2.0,0.0,1.0,0.5,0.0,0.3333333333333333,0.0,0.16666666666666666,0.3555555555555555,0.49710694376860665,0.4339874303190123
TcS6_Q4DSU0,11,0.032,0.001,22.0,127.118,53.453,73.665,429.494,5.143,4.03,0.621,0.318,-5.667,4.667,5.0,3.0,39.13,4.29,0.909,23,6,1080.786595652174,922.4421,480.9663,1955.401,1.0,1.0,1.0,1.0,ALA223A; ARG220A; ARG224A; ARG231A; ASN227A; SER228A,3.0,0.0,2.0,0.0,1.0,0.5,0.0,0.3333333333333333,0.0,0.16666666666666666,1.0,0.4263754117606147,0.6992313941162152
TcS6_Q4DSU0,12,0.022,0.0,22.0,100.886,67.072,33.814,292.447,1.0,3.846,0.442,0.091,-13.8,4.0,4.0,-1.0,52.941,3.073,0.868,17,5,-49.163345588235295,9.431814,-410.3481,362.0266,0.7058823529411765,0.0588235294117647,0.0588235294117647,0.0588235294117647,ALA45A; ARG47A; ASP44A; GLN122A; GLU121A,1.0,2.0,1.0,0.0,1.0,0.2,0.4,0.2,0.0,0.2,0.18823529411764708,0.3057650002487988,0.23172363244002078
TcS6_Q4DSU0,13,0.019,0.002,15.0,94.613,26.986,67.627,350.134,6.0,4.269,0.572,0.467,41.333,5.0,3.0,2.0,37.5,3.487,0.958,16,6,-39.081243125,25.29915,-384.8881,292.8327,0.625,0.5,0.1875,0.0625,ARG157A; ILE179A; LEU182A; LYS178A; THR184A; VAL187A,2.0,0.0,1.0,0.0,3.0,0.3333333333333333,0.0,0.16666666666666666,0.0,0.5,0.2375,0.3575898159091982,0.298698102234886
TcS6_Q4DSU0,14,0.015,0.002,16.0,73.527,24.015,49.513,269.763,9.0,4.03,0.595,0.625,7.75,5.5,3.0,1.0,25.0,2.401,0.992,16,4,200.739658125,210.64775,-230.1846,558.0755,0.8125,0.8125,0.8125,0.8125,ARG203A; GLU200A; ILE199A; LYS196A,2.0,1.0,0.0,0.0,1.0,0.5,0.25,0.0,0.0,0.25,0.8125,0.31472297538133354,0.5757780413834668
TcS6_Q4DSU0,15,0.01,0.0,19.0,65.626,28.19,37.436,185.984,4.0,4.072,0.609,0.263,-16.4,5.0,4.0,2.0,46.667,1.721,0.952,15,5,-56.99182,30.28638,-366.671,396.0783,0.5333333333333333,0.5333333333333333,0.2666666666666666,0.1333333333333333,ARG80A; ARG95A; GLU94A; GLY93A; LYS79A,3.0,1.0,0.0,0.0,0.0,0.6,0.2,0.0,0.0,0.0,0.27999999999999997,0.27754509487498835,0.3431407832062459
TcS6_Q4DSU0,16,-0.039,0.0,17.0,64.477,34.287,30.191,177.024,6.0,4.079,0.578,0.412,37.25,5.25,2.0,1.0,41.667,1.31,0.931,12,4,-78.23202666666667,-82.85243,-354.6111,383.1746,0.3333333333333333,0.1666666666666666,0.1666666666666666,0.1666666666666666,ARG89A; GLY90A; PHE88A; TYR91A,1.0,0.0,1.0,2.0,1.0,0.25,0.0,0.25,0.5,0.25,0.19999999999999996,0.26528848864371796,0.23285097102530128
TcS6_Q4DSU0,17,-0.044,0.0,15.0,71.371,41.18,30.191,139.102,0.0,3.757,0.343,0.067,30.167,4.833,3.0,2.0,50.0,1.758,0.954,12,6,-128.40914583333333,-80.62141,-443.9187,214.86,0.5,0.5,0.0833333333333333,0.0833333333333333,ALA141A; ARG145A; ARG181A; ASN142A; ILE183A; LEU182A,2.0,0.0,1.0,0.0,3.0,0.3333333333333333,0.0,0.16666666666666666,0.0,0.5,0.16666666666666663,0.19640048338633512,0.2104068358518839
TcS6_Q4DSU0,18,-0.049,0.024,18.0,125.079,23.638,101.441,413.295,14.0,4.142,0.678,0.833,59.667,4.0,1.0,1.0,25.0,3.711,0.966,20,9,-37.15673735000001,14.871905,-372.4134,311.8881,0.75,0.3,0.1,0.05,ALA82A; GLY81A; LEU100A; LEU76A; LEU77A; LYS79A; VAL65A; VAL78A; VAL83A,1.0,0.0,0.0,0.0,7.0,0.1111111111111111,0.0,0.0,0.0,0.7777777777777778,0.21500000000000002,0.440556922308152,0.2731671450300754
TcS6_Q4DSU0,19,-0.064,0.0,17.0,121.176,62.003,59.174,418.327,3.0,4.11,0.534,0.235,28.857,5.429,4.0,3.0,44.444,3.491,0.958,18,7,-57.11027944444444,42.058925,-389.4031,419.2234,0.5555555555555556,0.5555555555555556,0.3888888888888889,0.1666666666666666,ARG181A; ARG190A; ARG191A; ASN142A; ILE183A; LEU182A; VAL187A,3.0,0.0,1.0,0.0,3.0,0.42857142857142855,0.0,0.14285714285714285,0.0,0.42857142857142855,0.35555555555555557,0.39523105427468813,0.38404515471042655
TcS6_Q4DSU0,20,-0.065,0.001,16.0,98.771,37.182,61.589,255.631,8.0,3.971,0.507,0.562,-20.4,5.8,5.0,4.0,38.462,2.632,0.978,13,5,12.527051538461532,52.50237,-385.594,334.7957,0.6153846153846154,0.6153846153846154,0.5384615384615384,0.3846153846153846,ARG140A; ARG181A; ASN142A; LYS143A; LYS146A,4.0,0.0,1.0,0.0,0.0,0.8,0.0,0.2,0.0,0.0,0.5076923076923077,0.305828422370913,0.49550148629135804
Human_RPS6,1,0.34,0.342,26.0,87.039,21.828,65.212,325.233,14.941,3.926,0.679,0.654,29.5,5.167,3.0,3.0,29.167,4.346,0.997,24,6,89.85119208333333,123.676,-353.4156,537.1443,0.7916666666666666,0.7916666666666666,0.7916666666666666,0.5833333333333334,ALA193A; ARG189A; ILE192A; LEU185A; LYS188A; LYS196A,3.0,0.0,0.0,0.0,3.0,0.5,0.0,0.0,0.0,0.5,0.7291666666666666,0.4874858724415582,0.5987450553545454
Human_RPS6,2,0.246,0.003,21.0,68.631,23.948,44.682,258.921,7.0,3.652,0.485,0.381,-2.333,5.5,5.0,4.0,47.368,3.236,0.924,19,6,-50.51352842105263,24.15239,-323.5957,383.5129,0.5263157894736842,0.4736842105263157,0.2105263157894736,0.0526315789473684,ARG170A; ASN163A; LEU162A; LYS164A; LYS167A; LYS168A,4.0,0.0,1.0,0.0,1.0,0.6666666666666666,0.0,0.16666666666666666,0.0,0.16666666666666666,0.22631578947368414,0.2794553933562467,0.33298482627117754
Human_RPS6,3,0.198,0.0,15.0,72.265,42.075,30.191,315.779,3.0,4.059,0.664,0.267,17.857,4.714,5.0,1.0,50.0,3.72,0.955,12,7,-113.88770519999998,-30.0083845,-392.5509,275.4682,0.25,0.0833333333333333,0.0833333333333333,0.0833333333333333,ALA37A; ARG25A; GLU35A; LYS30A; THR26A; TYR28A; VAL36A,2.0,1.0,2.0,1.0,2.0,0.2857142857142857,0.14285714285714285,0.2857142857142857,0.14285714285714285,0.2857142857142857,0.11666666666666664,0.34897360912876535,0.231783620337925
Human_RPS6,4,0.134,0.001,15.0,47.222,13.012,34.209,161.019,3.0,3.887,0.644,0.267,30.833,4.167,3.0,1.0,35.714,1.967,0.983,14,6,-80.68510835714287,5.6574115,-448.4371,296.8055,0.5714285714285714,0.3571428571428571,0.2142857142857142,0.2142857142857142,ALA33A; ARG51A; GLN65A; ILE52A; MET32A; SER53A,1.0,0.0,2.0,0.0,3.0,0.16666666666666666,0.0,0.3333333333333333,0.0,0.5,0.28571428571428564,0.2625341312102697,0.25379170782835625
Human_RPS6,5,0.112,0.803,38.0,197.362,45.2,152.161,616.513,18.417,4.055,0.467,0.632,-2.692,4.615,6.0,6.0,32.258,4.792,0.948,31,13,-44.82212290322581,21.87815,-425.5891,276.273,0.6774193548387096,0.4516129032258064,0.2258064516129032,0.1612903225806451,ALA173A; ARG131A; ARG132A; ARG159A; GLY134A; LEU133A; LYS136A; LYS160A; LYS172A; PRO130A; PRO161A; PRO174A; VAL158A,6.0,0.0,0.0,0.0,6.0,0.46153846153846156,0.0,0.0,0.0,0.46153846153846156,0.2967741935483871,0.7978000000000001,0.5050860794044665
Human_RPS6,6,0.108,0.0,20.0,87.635,59.86,27.775,254.207,3.0,3.92,0.502,0.2,1.0,5.714,6.0,3.0,53.333,2.702,0.975,15,7,-100.9270966666667,-76.87533,-400.0642,308.8266,0.3333333333333333,0.2666666666666666,0.2,0.0666666666666666,ARG85A; ARG87A; CYS83A; GLU91A; LYS93A; LYS95A; TYR84A,4.0,1.0,2.0,1.0,0.0,0.5714285714285714,0.14285714285714285,0.2857142857142857,0.14285714285714285,0.0,0.18666666666666665,0.29518734583124384,0.3016012853266496
Human_RPS6,7,0.105,0.0,16.0,91.017,47.543,43.475,268.432,3.0,4.014,0.484,0.25,31.4,5.0,5.0,0.0,40.0,3.384,0.93,15,10,-93.78043313333332,-1.603883,-400.3093,147.6044,0.4666666666666667,0.1333333333333333,0.0666666666666666,0.0666666666666666,GLU17A; GLU44A; ILE121A; ILE16A; LEU41A; LYS14A; LYS23A; PRO122A; TRP45A; VAL18A,2.0,2.0,0.0,1.0,6.0,0.2,0.2,0.0,0.1,0.6,0.1466666666666666,0.2990260787522342,0.21065912756328195
Human_RPS6,8,0.089,0.03,21.0,134.673,57.385,77.288,505.678,14.0,4.025,0.681,0.714,9.25,5.0,4.0,4.0,40.0,4.268,0.973,25,8,-65.26480656,21.39546,-423.7532,313.5982,0.6,0.4,0.28,0.16,ARG131A; ARG140A; GLY134A; LEU133A; LEU144A; LYS136A; LYS143A; PRO135A,4.0,0.0,0.0,0.0,3.0,0.5,0.0,0.0,0.0,0.375,0.308,0.48816050219943674,0.40945617576980287
Human_RPS6,9,0.059,0.001,17.0,108.396,56.468,51.928,347.458,5.0,3.906,0.526,0.353,14.0,4.8,3.0,1.0,36.842,3.5,0.866,19,5,606.0149263157896,578.1139,241.5058,1285.297,1.0,1.0,1.0,1.0,ALA229A; ARG233A; GLU226A; LEU234A; LYS230A,2.0,1.0,0.0,0.0,2.0,0.4,0.2,0.0,0.0,0.4,1.0,0.3551301014407123,0.6542955355042492
Human_RPS6,10,0.059,0.0,17.0,76.241,20.69,55.551,243.966,2.0,4.009,0.632,0.176,11.75,5.25,3.0,3.0,40.0,2.142,0.997,15,4,103.80040133333334,115.35,-243.5486,503.4471,0.6666666666666666,0.6,0.6,0.5333333333333333,ARG191A; HIS187A; LYS188A; VAL184A,3.0,0.0,1.0,1.0,1.0,0.75,0.0,0.25,0.25,0.25,0.5933333333333333,0.3148748325141049,0.5272061913799366
Human_RPS6,11,0.052,0.0,15.0,68.51,41.942,26.568,181.812,0.0,3.944,0.486,0.0,4.625,3.25,3.0,1.0,66.667,2.0,0.937,12,8,-121.69035666666666,-203.5256,-376.8167,417.0351,0.3333333333333333,0.25,0.1666666666666666,0.1666666666666666,ALA9A; ARG131A; GLY11A; PRO130A; PRO8A; THR10A; THR128A; VAL129A,1.0,0.0,2.0,0.0,4.0,0.125,0.0,0.25,0.0,0.5,0.19999999999999996,0.24729523326229536,0.20155333164180336
Human_RPS6,12,0.051,0.001,16.0,89.886,29.505,60.381,214.613,6.0,3.779,0.485,0.438,16.0,5.25,3.0,2.0,33.333,2.769,0.722,15,4,598.1065533333332,602.768,338.0652,923.5639,1.0,1.0,1.0,1.0,ARG231A; ARG238A; LEU234A; SER235A,2.0,0.0,1.0,0.0,1.0,0.5,0.0,0.25,0.0,0.25,1.0,0.27694253898060334,0.6469298886432111
Human_RPS6,13,-0.037,0.009,15.0,91.398,23.771,67.627,203.634,10.0,4.142,0.478,0.733,35.0,4.167,1.0,1.0,33.333,2.056,0.94,12,6,-69.26333616666666,11.974135,-425.5891,259.2572,0.6666666666666666,0.25,0.1666666666666666,0.1666666666666666,ARG131A; GLY134A; LEU133A; LEU144A; PRO135A; VAL158A,1.0,0.0,0.0,0.0,4.0,0.16666666666666666,0.0,0.0,0.0,0.6666666666666666,0.2666666666666666,0.2746896410165148,0.24947470768911348
